Survived,Pclass,Sex,Age,SibSp,Parch,FamilySize,IsAlone,Fare,Embarked,Deck,HasCabin,TicketGroupSize,TicketPrefix,Title,PassengerId
0,3,male,22.0,1,0,2,0,7.25,S,U,0,1,A,Mr,1
1,1,female,38.0,1,0,2,0,71.2833,C,C,1,1,PC,Mrs,2
1,3,female,26.0,0,0,1,1,7.925,S,U,0,1,STONO,Miss,3
1,1,female,35.0,1,0,2,0,53.1,S,C,1,2,NUM,Mrs,4
0,3,male,35.0,0,0,1,1,8.05,S,U,0,1,NUM,Mr,5
0,3,male,,0,0,1,1,8.4583,Q,U,0,1,NUM,Mr,6
0,1,male,54.0,0,0,1,1,51.8625,S,E,1,1,NUM,Mr,7
0,3,male,2.0,3,1,5,0,21.075,S,U,0,4,NUM,Master,8
1,3,female,27.0,0,2,3,0,11.1333,S,U,0,3,NUM,Mrs,9
1,2,female,14.0,1,0,2,0,30.0708,C,U,0,2,NUM,Mrs,10
1,3,female,4.0,1,1,3,0,16.7,S,G,1,2,PP,Miss,11
1,1,female,58.0,0,0,1,1,26.55,S,C,1,1,NUM,Miss,12
0,3,male,20.0,0,0,1,1,8.05,S,U,0,1,A,Mr,13
0,3,male,39.0,1,5,7,0,31.275,S,U,0,7,NUM,Mr,14
0,3,female,14.0,0,0,1,1,7.8542,S,U,0,1,NUM,Miss,15
1,2,female,55.0,0,0,1,1,16.0,S,U,0,1,NUM,Mrs,16
0,3,male,2.0,4,1,6,0,29.125,Q,U,0,5,NUM,Master,17
1,2,male,,0,0,1,1,13.0,S,U,0,1,NUM,Mr,18
0,3,female,31.0,1,0,2,0,18.0,S,U,0,1,NUM,Mrs,19
1,3,female,,0,0,1,1,7.225,C,U,0,1,NUM,Mrs,20
0,2,male,35.0,0,0,1,1,26.0,S,U,0,2,NUM,Mr,21
1,2,male,34.0,0,0,1,1,13.0,S,D,1,1,NUM,Mr,22
1,3,female,15.0,0,0,1,1,8.0292,Q,U,0,1,NUM,Miss,23
1,1,male,28.0,0,0,1,1,35.5,S,A,1,1,NUM,Mr,24
0,3,female,8.0,3,1,5,0,21.075,S,U,0,4,NUM,Miss,25
1,3,female,38.0,1,5,7,0,31.3875,S,U,0,4,NUM,Mrs,26
0,3,male,,0,0,1,1,7.225,C,U,0,1,NUM,Mr,27
0,1,male,19.0,3,2,6,0,263.0,S,C,1,4,NUM,Mr,28
1,3,female,,0,0,1,1,7.8792,Q,U,0,1,NUM,Miss,29
0,3,male,,0,0,1,1,7.8958,S,U,0,1,NUM,Mr,30
0,1,male,40.0,0,0,1,1,27.7208,C,U,0,1,PC,Rare,31
1,1,female,,1,0,2,0,146.5208,C,B,1,2,PC,Mrs,32
1,3,female,,0,0,1,1,7.75,Q,U,0,1,NUM,Miss,33
0,2,male,66.0,0,0,1,1,10.5,S,U,0,1,CA,Mr,34
0,1,male,28.0,1,0,2,0,82.1708,C,U,0,2,PC,Mr,35
0,1,male,42.0,1,0,2,0,52.0,S,U,0,2,NUM,Mr,36
1,3,male,,0,0,1,1,7.2292,C,U,0,1,NUM,Mr,37
0,3,male,21.0,0,0,1,1,8.05,S,U,0,1,A,Mr,38
0,3,female,18.0,2,0,3,0,18.0,S,U,0,2,NUM,Miss,39
1,3,female,14.0,1,0,2,0,11.2417,C,U,0,2,NUM,Miss,40
0,3,female,40.0,1,0,2,0,9.475,S,U,0,1,NUM,Mrs,41
0,2,female,27.0,1,0,2,0,21.0,S,U,0,2,NUM,Mrs,42
0,3,male,,0,0,1,1,7.8958,C,U,0,1,NUM,Mr,43
1,2,female,3.0,1,2,4,0,41.5792,C,U,0,3,SCParis,Miss,44
1,3,female,19.0,0,0,1,1,7.8792,Q,U,0,1,NUM,Miss,45
0,3,male,,0,0,1,1,8.05,S,U,0,1,SCA,Mr,46
0,3,male,,1,0,2,0,15.5,Q,U,0,1,NUM,Mr,47
1,3,female,,0,0,1,1,7.75,Q,U,0,1,NUM,Miss,48
0,3,male,,2,0,3,0,21.6792,C,U,0,1,NUM,Mr,49
0,3,female,18.0,1,0,2,0,17.8,S,U,0,2,NUM,Mrs,50
0,3,male,7.0,4,1,6,0,39.6875,S,U,0,6,NUM,Master,51
0,3,male,21.0,0,0,1,1,7.8,S,U,0,1,A,Mr,52
1,1,female,49.0,1,0,2,0,76.7292,C,D,1,3,PC,Mrs,53
1,2,female,29.0,1,0,2,0,26.0,S,U,0,1,NUM,Mrs,54
0,1,male,65.0,0,1,2,0,61.9792,C,B,1,1,NUM,Mr,55
1,1,male,,0,0,1,1,35.5,S,C,1,1,NUM,Mr,56
1,2,female,21.0,0,0,1,1,10.5,S,U,0,1,CA,Miss,57
0,3,male,28.5,0,0,1,1,7.2292,C,U,0,1,NUM,Mr,58
1,2,female,5.0,1,2,4,0,27.75,S,U,0,3,CA,Miss,59
0,3,male,11.0,5,2,8,0,46.9,S,U,0,6,CA,Master,60
0,3,male,22.0,0,0,1,1,7.2292,C,U,0,1,NUM,Mr,61
1,1,female,38.0,0,0,1,1,80.0,S,B,1,2,NUM,Miss,62
0,1,male,45.0,1,0,2,0,83.475,S,C,1,2,NUM,Mr,63
0,3,male,4.0,3,2,6,0,27.9,S,U,0,6,NUM,Master,64
0,1,male,,0,0,1,1,27.7208,C,U,0,1,PC,Mr,65
1,3,male,,1,1,3,0,15.2458,C,U,0,2,NUM,Master,66
1,2,female,29.0,0,0,1,1,10.5,S,F,1,1,CA,Mrs,67
0,3,male,19.0,0,0,1,1,8.1583,S,U,0,1,SP,Mr,68
1,3,female,17.0,4,2,7,0,7.925,S,U,0,1,NUM,Miss,69
0,3,male,26.0,2,0,3,0,8.6625,S,U,0,1,NUM,Mr,70
0,2,male,32.0,0,0,1,1,10.5,S,U,0,1,CA,Mr,71
0,3,female,16.0,5,2,8,0,46.9,S,U,0,6,CA,Miss,72
0,2,male,21.0,0,0,1,1,73.5,S,U,0,5,SOC,Mr,73
0,3,male,26.0,1,0,2,0,14.4542,C,U,0,1,NUM,Mr,74
1,3,male,32.0,0,0,1,1,56.4958,S,U,0,7,NUM,Mr,75
0,3,male,25.0,0,0,1,1,7.65,S,F,1,1,NUM,Mr,76
0,3,male,,0,0,1,1,7.8958,S,U,0,1,NUM,Mr,77
0,3,male,,0,0,1,1,8.05,S,U,0,1,NUM,Mr,78
1,2,male,0.83,0,2,3,0,29.0,S,U,0,2,NUM,Master,79
1,3,female,30.0,0,0,1,1,12.475,S,U,0,2,NUM,Miss,80
0,3,male,22.0,0,0,1,1,9.0,S,U,0,1,NUM,Mr,81
1,3,male,29.0,0,0,1,1,9.5,S,U,0,1,NUM,Mr,82
1,3,female,,0,0,1,1,7.7875,Q,U,0,1,NUM,Miss,83
0,1,male,28.0,0,0,1,1,47.1,S,U,0,1,NUM,Mr,84
1,2,female,17.0,0,0,1,1,10.5,S,U,0,1,SOC,Miss,85
1,3,female,33.0,3,0,4,0,15.85,S,U,0,2,NUM,Mrs,86
0,3,male,16.0,1,3,5,0,34.375,S,U,0,4,WC,Mr,87
0,3,male,,0,0,1,1,8.05,S,U,0,1,SOTONOQ,Mr,88
1,1,female,23.0,3,2,6,0,263.0,S,C,1,4,NUM,Miss,89
0,3,male,24.0,0,0,1,1,8.05,S,U,0,1,NUM,Mr,90
0,3,male,29.0,0,0,1,1,8.05,S,U,0,1,NUM,Mr,91
0,3,male,20.0,0,0,1,1,7.8542,S,U,0,1,NUM,Mr,92
0,1,male,46.0,1,0,2,0,61.175,S,E,1,1,WEP,Mr,93
0,3,male,26.0,1,2,4,0,20.575,S,U,0,2,CA,Mr,94
0,3,male,59.0,0,0,1,1,7.25,S,U,0,1,NUM,Mr,95
0,3,male,,0,0,1,1,8.05,S,U,0,1,NUM,Mr,96
0,1,male,71.0,0,0,1,1,34.6542,C,A,1,1,PC,Mr,97
1,1,male,23.0,0,1,2,0,63.3583,C,D,1,1,PC,Mr,98
1,2,female,34.0,0,1,2,0,23.0,S,U,0,2,NUM,Mrs,99
0,2,male,34.0,1,0,2,0,26.0,S,U,0,2,NUM,Mr,100
0,3,female,28.0,0,0,1,1,7.8958,S,U,0,1,NUM,Miss,101
0,3,male,,0,0,1,1,7.8958,S,U,0,1,NUM,Mr,102
0,1,male,21.0,0,1,2,0,77.2875,S,D,1,2,NUM,Mr,103
0,3,male,33.0,0,0,1,1,8.6542,S,U,0,1,NUM,Mr,104
0,3,male,37.0,2,0,3,0,7.925,S,U,0,1,NUM,Mr,105
0,3,male,28.0,0,0,1,1,7.8958,S,U,0,1,NUM,Mr,106
1,3,female,21.0,0,0,1,1,7.65,S,U,0,1,NUM,Miss,107
1,3,male,,0,0,1,1,7.775,S,U,0,1,NUM,Mr,108
0,3,male,38.0,0,0,1,1,7.8958,S,U,0,1,NUM,Mr,109
1,3,female,,1,0,2,0,24.15,Q,U,0,3,NUM,Miss,110
0,1,male,47.0,0,0,1,1,52.0,S,C,1,2,NUM,Mr,111
0,3,female,14.5,1,0,2,0,14.4542,C,U,0,2,NUM,Miss,112
0,3,male,22.0,0,0,1,1,8.05,S,U,0,1,NUM,Mr,113
0,3,female,20.0,1,0,2,0,9.825,S,U,0,1,NUM,Miss,114
0,3,female,17.0,0,0,1,1,14.4583,C,U,0,2,NUM,Miss,115
0,3,male,21.0,0,0,1,1,7.925,S,U,0,1,STONO,Mr,116
0,3,male,70.5,0,0,1,1,7.75,Q,U,0,1,NUM,Mr,117
0,2,male,29.0,1,0,2,0,21.0,S,U,0,2,NUM,Mr,118
0,1,male,24.0,0,1,2,0,247.5208,C,B,1,2,PC,Mr,119
0,3,female,2.0,4,2,7,0,31.275,S,U,0,7,NUM,Miss,120
0,2,male,21.0,2,0,3,0,73.5,S,U,0,5,SOC,Mr,121
0,3,male,,0,0,1,1,8.05,S,U,0,1,A,Mr,122
0,2,male,32.5,1,0,2,0,30.0708,C,U,0,2,NUM,Mr,123
1,2,female,32.5,0,0,1,1,13.0,S,E,1,1,NUM,Miss,124
0,1,male,54.0,0,1,2,0,77.2875,S,D,1,2,NUM,Mr,125
1,3,male,12.0,1,0,2,0,11.2417,C,U,0,2,NUM,Master,126
0,3,male,,0,0,1,1,7.75,Q,U,0,1,NUM,Mr,127
1,3,male,24.0,0,0,1,1,7.1417,S,U,0,1,C,Mr,128
1,3,female,,1,1,3,0,22.3583,C,F,1,2,NUM,Miss,129
0,3,male,45.0,0,0,1,1,6.975,S,U,0,1,NUM,Mr,130
0,3,male,33.0,0,0,1,1,7.8958,C,U,0,1,NUM,Mr,131
0,3,male,20.0,0,0,1,1,7.05,S,U,0,1,SOTONOQ,Mr,132
0,3,female,47.0,1,0,2,0,14.5,S,U,0,1,A,Mrs,133
1,2,female,29.0,1,0,2,0,26.0,S,U,0,1,NUM,Mrs,134
0,2,male,25.0,0,0,1,1,13.0,S,U,0,1,CA,Mr,135
0,2,male,23.0,0,0,1,1,15.0458,C,U,0,1,SCPARIS,Mr,136
1,1,female,19.0,0,2,3,0,26.2833,S,D,1,1,NUM,Miss,137
0,1,male,37.0,1,0,2,0,53.1,S,C,1,2,NUM,Mr,138
0,3,male,16.0,0,0,1,1,9.2167,S,U,0,2,NUM,Mr,139
0,1,male,24.0,0,0,1,1,79.2,C,B,1,2,PC,Mr,140
0,3,female,,0,2,3,0,15.2458,C,U,0,2,NUM,Mrs,141
1,3,female,22.0,0,0,1,1,7.75,S,U,0,1,NUM,Miss,142
1,3,female,24.0,1,0,2,0,15.85,S,U,0,2,STONO,Mrs,143
0,3,male,19.0,0,0,1,1,6.75,Q,U,0,1,NUM,Mr,144
0,2,male,18.0,0,0,1,1,11.5,S,U,0,1,NUM,Mr,145
0,2,male,19.0,1,1,3,0,36.75,S,U,0,2,CA,Mr,146
1,3,male,27.0,0,0,1,1,7.7958,S,U,0,1,NUM,Mr,147
0,3,female,9.0,2,2,5,0,34.375,S,U,0,4,WC,Miss,148
0,2,male,36.5,0,2,3,0,26.0,S,F,1,3,NUM,Mr,149
0,2,male,42.0,0,0,1,1,13.0,S,U,0,1,NUM,Rare,150
0,2,male,51.0,0,0,1,1,12.525,S,U,0,1,SOP,Rare,151
1,1,female,22.0,1,0,2,0,66.6,S,C,1,2,NUM,Mrs,152
0,3,male,55.5,0,0,1,1,8.05,S,U,0,1,A,Mr,153
0,3,male,40.5,0,2,3,0,14.5,S,U,0,1,A,Mr,154
0,3,male,,0,0,1,1,7.3125,S,U,0,1,Fa,Mr,155
0,1,male,51.0,0,1,2,0,61.3792,C,U,0,1,PC,Mr,156
1,3,female,16.0,0,0,1,1,7.7333,Q,U,0,1,NUM,Miss,157
0,3,male,30.0,0,0,1,1,8.05,S,U,0,1,SOTONOQ,Mr,158
0,3,male,,0,0,1,1,8.6625,S,U,0,1,NUM,Mr,159
0,3,male,,8,2,11,0,69.55,S,U,0,7,CA,Master,160
0,3,male,44.0,0,1,2,0,16.1,S,U,0,1,NUM,Mr,161
1,2,female,40.0,0,0,1,1,15.75,S,U,0,1,CA,Mrs,162
0,3,male,26.0,0,0,1,1,7.775,S,U,0,1,NUM,Mr,163
0,3,male,17.0,0,0,1,1,8.6625,S,U,0,1,NUM,Mr,164
0,3,male,1.0,4,1,6,0,39.6875,S,U,0,6,NUM,Master,165
1,3,male,9.0,0,2,3,0,20.525,S,U,0,3,NUM,Master,166
1,1,female,,0,1,2,0,55.0,S,E,1,2,NUM,Mrs,167
0,3,female,45.0,1,4,6,0,27.9,S,U,0,6,NUM,Mrs,168
0,1,male,,0,0,1,1,25.925,S,U,0,1,PC,Mr,169
0,3,male,28.0,0,0,1,1,56.4958,S,U,0,7,NUM,Mr,170
0,1,male,61.0,0,0,1,1,33.5,S,B,1,1,NUM,Mr,171
0,3,male,4.0,4,1,6,0,29.125,Q,U,0,5,NUM,Master,172
1,3,female,1.0,1,1,3,0,11.1333,S,U,0,3,NUM,Miss,173
0,3,male,21.0,0,0,1,1,7.925,S,U,0,1,STONO,Mr,174
0,1,male,56.0,0,0,1,1,30.6958,C,A,1,1,NUM,Mr,175
0,3,male,18.0,1,1,3,0,7.8542,S,U,0,1,NUM,Mr,176
0,3,male,,3,1,5,0,25.4667,S,U,0,4,NUM,Master,177
0,1,female,50.0,0,0,1,1,28.7125,C,C,1,1,PC,Miss,178
0,2,male,30.0,0,0,1,1,13.0,S,U,0,1,NUM,Mr,179
0,3,male,36.0,0,0,1,1,0.0,S,U,0,4,LINE,Mr,180
0,3,female,,8,2,11,0,69.55,S,U,0,7,CA,Miss,181
0,2,male,,0,0,1,1,15.05,C,U,0,1,SCPARIS,Mr,182
0,3,male,9.0,4,2,7,0,31.3875,S,U,0,4,NUM,Master,183
1,2,male,1.0,2,1,4,0,39.0,S,F,1,2,NUM,Master,184
1,3,female,4.0,0,2,3,0,22.025,S,U,0,1,NUM,Miss,185
0,1,male,,0,0,1,1,50.0,S,A,1,1,NUM,Mr,186
1,3,female,,1,0,2,0,15.5,Q,U,0,2,NUM,Mrs,187
1,1,male,45.0,0,0,1,1,26.55,S,U,0,1,NUM,Mr,188
0,3,male,40.0,1,1,3,0,15.5,Q,U,0,2,NUM,Mr,189
0,3,male,36.0,0,0,1,1,7.8958,S,U,0,1,NUM,Mr,190
1,2,female,32.0,0,0,1,1,13.0,S,U,0,1,NUM,Mrs,191
0,2,male,19.0,0,0,1,1,13.0,S,U,0,1,NUM,Mr,192
1,3,female,19.0,1,0,2,0,7.8542,S,U,0,1,NUM,Miss,193
1,2,male,3.0,1,1,3,0,26.0,S,F,1,3,NUM,Master,194
1,1,female,44.0,0,0,1,1,27.7208,C,B,1,1,PC,Mrs,195
1,1,female,58.0,0,0,1,1,146.5208,C,B,1,2,PC,Miss,196
0,3,male,,0,0,1,1,7.75,Q,U,0,1,NUM,Mr,197
0,3,male,42.0,0,1,2,0,8.4042,S,U,0,1,NUM,Mr,198
1,3,female,,0,0,1,1,7.75,Q,U,0,1,NUM,Miss,199
0,2,female,24.0,0,0,1,1,13.0,S,U,0,1,NUM,Miss,200
0,3,male,28.0,0,0,1,1,9.5,S,U,0,1,NUM,Mr,201
0,3,male,,8,2,11,0,69.55,S,U,0,7,CA,Mr,202
0,3,male,34.0,0,0,1,1,6.4958,S,U,0,1,NUM,Mr,203
0,3,male,45.5,0,0,1,1,7.225,C,U,0,1,NUM,Mr,204
1,3,male,18.0,0,0,1,1,8.05,S,U,0,1,A,Mr,205
0,3,female,2.0,0,1,2,0,10.4625,S,G,1,2,NUM,Miss,206
0,3,male,32.0,1,0,2,0,15.85,S,U,0,2,NUM,Mr,207
1,3,male,26.0,0,0,1,1,18.7875,C,U,0,2,NUM,Mr,208
1,3,female,16.0,0,0,1,1,7.75,Q,U,0,1,NUM,Miss,209
1,1,male,40.0,0,0,1,1,31.0,C,A,1,1,NUM,Mr,210
0,3,male,24.0,0,0,1,1,7.05,S,U,0,1,SOTONOQ,Mr,211
1,2,female,35.0,0,0,1,1,21.0,S,U,0,1,FCC,Miss,212
0,3,male,22.0,0,0,1,1,7.25,S,U,0,1,A,Mr,213
0,2,male,30.0,0,0,1,1,13.0,S,U,0,1,NUM,Mr,214
0,3,male,,1,0,2,0,7.75,Q,U,0,1,NUM,Mr,215
1,1,female,31.0,1,0,2,0,113.275,C,D,1,3,NUM,Miss,216
1,3,female,27.0,0,0,1,1,7.925,S,U,0,1,STONO,Miss,217
0,2,male,42.0,1,0,2,0,27.0,S,U,0,2,NUM,Mr,218
1,1,female,32.0,0,0,1,1,76.2917,C,D,1,1,NUM,Miss,219
0,2,male,30.0,0,0,1,1,10.5,S,U,0,1,WC,Mr,220
1,3,male,16.0,0,0,1,1,8.05,S,U,0,1,SOTONOQ,Mr,221
0,2,male,27.0,0,0,1,1,13.0,S,U,0,1,NUM,Mr,222
0,3,male,51.0,0,0,1,1,8.05,S,U,0,1,NUM,Mr,223
0,3,male,,0,0,1,1,7.8958,S,U,0,1,NUM,Mr,224
1,1,male,38.0,1,0,2,0,90.0,S,C,1,2,NUM,Mr,225
0,3,male,22.0,0,0,1,1,9.35,S,U,0,1,PP,Mr,226
1,2,male,19.0,0,0,1,1,10.5,S,U,0,1,SWPP,Mr,227
0,3,male,20.5,0,0,1,1,7.25,S,U,0,1,A,Mr,228
0,2,male,18.0,0,0,1,1,13.0,S,U,0,1,NUM,Mr,229
0,3,female,,3,1,5,0,25.4667,S,U,0,4,NUM,Miss,230
1,1,female,35.0,1,0,2,0,83.475,S,C,1,2,NUM,Mrs,231
0,3,male,29.0,0,0,1,1,7.775,S,U,0,1,NUM,Mr,232
0,2,male,59.0,0,0,1,1,13.5,S,U,0,1,NUM,Mr,233
1,3,female,5.0,4,2,7,0,31.3875,S,U,0,4,NUM,Miss,234
0,2,male,24.0,0,0,1,1,10.5,S,U,0,1,CA,Mr,235
0,3,female,,0,0,1,1,7.55,S,U,0,1,WC,Miss,236
0,2,male,44.0,1,0,2,0,26.0,S,U,0,1,NUM,Mr,237
1,2,female,8.0,0,2,3,0,26.25,S,U,0,3,CA,Miss,238
0,2,male,19.0,0,0,1,1,10.5,S,U,0,1,NUM,Mr,239
0,2,male,33.0,0,0,1,1,12.275,S,U,0,1,SCOW,Mr,240
0,3,female,,1,0,2,0,14.4542,C,U,0,2,NUM,Miss,241
1,3,female,,1,0,2,0,15.5,Q,U,0,2,NUM,Miss,242
0,2,male,29.0,0,0,1,1,10.5,S,U,0,1,WC,Mr,243
0,3,male,22.0,0,0,1,1,7.125,S,U,0,1,STONO,Mr,244
0,3,male,30.0,0,0,1,1,7.225,C,U,0,1,NUM,Mr,245
0,1,male,44.0,2,0,3,0,90.0,Q,C,1,2,NUM,Rare,246
0,3,female,25.0,0,0,1,1,7.775,S,U,0,1,NUM,Miss,247
1,2,female,24.0,0,2,3,0,14.5,S,U,0,2,NUM,Mrs,248
1,1,male,37.0,1,1,3,0,52.5542,S,D,1,2,NUM,Mr,249
0,2,male,54.0,1,0,2,0,26.0,S,U,0,2,NUM,Rare,250
0,3,male,,0,0,1,1,7.25,S,U,0,1,NUM,Mr,251
0,3,female,29.0,1,1,3,0,10.4625,S,G,1,2,NUM,Mrs,252
0,1,male,62.0,0,0,1,1,26.55,S,C,1,1,NUM,Mr,253
0,3,male,30.0,1,0,2,0,16.1,S,U,0,2,A,Mr,254
0,3,female,41.0,0,2,3,0,20.2125,S,U,0,2,NUM,Mrs,255
1,3,female,29.0,0,2,3,0,15.2458,C,U,0,1,NUM,Mrs,256
1,1,female,,0,0,1,1,79.2,C,U,0,1,PC,Mrs,257
1,1,female,30.0,0,0,1,1,86.5,S,B,1,3,NUM,Miss,258
1,1,female,35.0,0,0,1,1,512.3292,C,U,0,3,PC,Miss,259
1,2,female,50.0,0,1,2,0,26.0,S,U,0,2,NUM,Mrs,260
0,3,male,,0,0,1,1,7.75,Q,U,0,1,NUM,Mr,261
1,3,male,3.0,4,2,7,0,31.3875,S,U,0,4,NUM,Master,262
0,1,male,52.0,1,1,3,0,79.65,S,E,1,3,NUM,Mr,263
0,1,male,40.0,0,0,1,1,0.0,S,B,1,1,NUM,Mr,264
0,3,female,,0,0,1,1,7.75,Q,U,0,1,NUM,Miss,265
0,2,male,36.0,0,0,1,1,10.5,S,U,0,1,CA,Mr,266
0,3,male,16.0,4,1,6,0,39.6875,S,U,0,6,NUM,Mr,267
1,3,male,25.0,1,0,2,0,7.775,S,U,0,1,NUM,Mr,268
1,1,female,58.0,0,1,2,0,153.4625,S,C,1,3,PC,Mrs,269
1,1,female,35.0,0,0,1,1,135.6333,S,C,1,3,PC,Miss,270
0,1,male,,0,0,1,1,31.0,S,U,0,2,NUM,Mr,271
1,3,male,25.0,0,0,1,1,0.0,S,U,0,4,LINE,Mr,272
1,2,female,41.0,0,1,2,0,19.5,S,U,0,2,NUM,Mrs,273
0,1,male,37.0,0,1,2,0,29.7,C,C,1,1,PC,Mr,274
1,3,female,,0,0,1,1,7.75,Q,U,0,1,NUM,Miss,275
1,1,female,63.0,1,0,2,0,77.9583,S,D,1,3,NUM,Miss,276
0,3,female,45.0,0,0,1,1,7.75,S,U,0,1,NUM,Miss,277
0,2,male,,0,0,1,1,0.0,S,U,0,3,NUM,Mr,278
0,3,male,7.0,4,1,6,0,29.125,Q,U,0,5,NUM,Master,279
1,3,female,35.0,1,1,3,0,20.25,S,U,0,2,CA,Mrs,280
0,3,male,65.0,0,0,1,1,7.75,Q,U,0,1,NUM,Mr,281
0,3,male,28.0,0,0,1,1,7.8542,S,U,0,1,NUM,Mr,282
0,3,male,16.0,0,0,1,1,9.5,S,U,0,1,NUM,Mr,283
1,3,male,19.0,0,0,1,1,8.05,S,U,0,1,A,Mr,284
0,1,male,,0,0,1,1,26.0,S,A,1,1,NUM,Mr,285
0,3,male,33.0,0,0,1,1,8.6625,C,U,0,1,NUM,Mr,286
1,3,male,30.0,0,0,1,1,9.5,S,U,0,1,NUM,Mr,287
0,3,male,22.0,0,0,1,1,7.8958,S,U,0,1,NUM,Mr,288
1,2,male,42.0,0,0,1,1,13.0,S,U,0,1,NUM,Mr,289
1,3,female,22.0,0,0,1,1,7.75,Q,U,0,1,NUM,Miss,290
1,1,female,26.0,0,0,1,1,78.85,S,U,0,2,NUM,Miss,291
1,1,female,19.0,1,0,2,0,91.0792,C,B,1,2,NUM,Mrs,292
0,2,male,36.0,0,0,1,1,12.875,C,D,1,1,SCParis,Mr,293
0,3,female,24.0,0,0,1,1,8.85,S,U,0,1,NUM,Miss,294
0,3,male,24.0,0,0,1,1,7.8958,S,U,0,1,NUM,Mr,295
0,1,male,,0,0,1,1,27.7208,C,U,0,1,PC,Mr,296
0,3,male,23.5,0,0,1,1,7.2292,C,U,0,1,NUM,Mr,297
0,1,female,2.0,1,2,4,0,151.55,S,C,1,4,NUM,Miss,298
1,1,male,,0,0,1,1,30.5,S,C,1,1,NUM,Mr,299
1,1,female,50.0,0,1,2,0,247.5208,C,B,1,2,PC,Mrs,300
1,3,female,,0,0,1,1,7.75,Q,U,0,1,NUM,Miss,301
1,3,male,,2,0,3,0,23.25,Q,U,0,2,NUM,Mr,302
0,3,male,19.0,0,0,1,1,0.0,S,U,0,4,LINE,Mr,303
1,2,female,,0,0,1,1,12.35,Q,E,1,1,NUM,Miss,304
0,3,male,,0,0,1,1,8.05,S,U,0,1,A,Mr,305
1,1,male,0.92,1,2,4,0,151.55,S,C,1,4,NUM,Master,306
1,1,female,,0,0,1,1,110.8833,C,U,0,4,NUM,Miss,307
1,1,female,17.0,1,0,2,0,108.9,C,C,1,2,PC,Mrs,308
0,2,male,30.0,1,0,2,0,24.0,C,U,0,2,PPP,Mr,309
1,1,female,30.0,0,0,1,1,56.9292,C,E,1,2,PC,Miss,310
1,1,female,24.0,0,0,1,1,83.1583,C,C,1,2,NUM,Miss,311
1,1,female,18.0,2,2,5,0,262.375,C,B,1,2,PC,Miss,312
0,2,female,26.0,1,1,3,0,26.0,S,U,0,1,NUM,Mrs,313
0,3,male,28.0,0,0,1,1,7.8958,S,U,0,1,NUM,Mr,314
0,2,male,43.0,1,1,3,0,26.25,S,U,0,3,FCC,Mr,315
1,3,female,26.0,0,0,1,1,7.8542,S,U,0,1,NUM,Miss,316
1,2,female,24.0,1,0,2,0,26.0,S,U,0,2,NUM,Mrs,317
0,2,male,54.0,0,0,1,1,14.0,S,U,0,1,NUM,Rare,318
1,1,female,31.0,0,2,3,0,164.8667,S,C,1,2,NUM,Miss,319
1,1,female,40.0,1,1,3,0,134.5,C,E,1,2,NUM,Mrs,320
0,3,male,22.0,0,0,1,1,7.25,S,U,0,1,A,Mr,321
0,3,male,27.0,0,0,1,1,7.8958,S,U,0,1,NUM,Mr,322
1,2,female,30.0,0,0,1,1,12.35,Q,U,0,1,NUM,Miss,323
1,2,female,22.0,1,1,3,0,29.0,S,U,0,2,NUM,Mrs,324
0,3,male,,8,2,11,0,69.55,S,U,0,7,CA,Mr,325
1,1,female,36.0,0,0,1,1,135.6333,C,C,1,3,PC,Miss,326
0,3,male,61.0,0,0,1,1,6.2375,S,U,0,1,NUM,Mr,327
1,2,female,36.0,0,0,1,1,13.0,S,D,1,1,NUM,Mrs,328
1,3,female,31.0,1,1,3,0,20.525,S,U,0,3,NUM,Mrs,329
1,1,female,16.0,0,1,2,0,57.9792,C,B,1,2,NUM,Miss,330
1,3,female,,2,0,3,0,23.25,Q,U,0,2,NUM,Miss,331
0,1,male,45.5,0,0,1,1,28.5,S,C,1,1,NUM,Mr,332
0,1,male,38.0,0,1,2,0,153.4625,S,C,1,3,PC,Mr,333
0,3,male,16.0,2,0,3,0,18.0,S,U,0,2,NUM,Mr,334
1,1,female,,1,0,2,0,133.65,S,U,0,2,PC,Mrs,335
0,3,male,,0,0,1,1,7.8958,S,U,0,1,NUM,Mr,336
0,1,male,29.0,1,0,2,0,66.6,S,C,1,2,NUM,Mr,337
1,1,female,41.0,0,0,1,1,134.5,C,E,1,2,NUM,Miss,338
1,3,male,45.0,0,0,1,1,8.05,S,U,0,1,NUM,Mr,339
0,1,male,45.0,0,0,1,1,35.5,S,T,1,1,NUM,Mr,340
1,2,male,2.0,1,1,3,0,26.0,S,F,1,3,NUM,Master,341
1,1,female,24.0,3,2,6,0,263.0,S,C,1,4,NUM,Miss,342
0,2,male,28.0,0,0,1,1,13.0,S,U,0,1,NUM,Mr,343
0,2,male,25.0,0,0,1,1,13.0,S,U,0,1,NUM,Mr,344
0,2,male,36.0,0,0,1,1,13.0,S,U,0,1,NUM,Mr,345
1,2,female,24.0,0,0,1,1,13.0,S,F,1,1,NUM,Miss,346
1,2,female,40.0,0,0,1,1,13.0,S,U,0,1,NUM,Miss,347
1,3,female,,1,0,2,0,16.1,S,U,0,1,NUM,Mrs,348
1,3,male,3.0,1,1,3,0,15.9,S,U,0,2,CA,Master,349
0,3,male,42.0,0,0,1,1,8.6625,S,U,0,1,NUM,Mr,350
0,3,male,23.0,0,0,1,1,9.225,S,U,0,1,NUM,Mr,351
0,1,male,,0,0,1,1,35.0,S,C,1,1,NUM,Mr,352
0,3,male,15.0,1,1,3,0,7.2292,C,U,0,1,NUM,Mr,353
0,3,male,25.0,1,0,2,0,17.8,S,U,0,2,NUM,Mr,354
0,3,male,,0,0,1,1,7.225,C,U,0,1,NUM,Mr,355
0,3,male,28.0,0,0,1,1,9.5,S,U,0,1,NUM,Mr,356
1,1,female,22.0,0,1,2,0,55.0,S,E,1,2,NUM,Miss,357
0,2,female,38.0,0,0,1,1,13.0,S,U,0,1,NUM,Miss,358
1,3,female,,0,0,1,1,7.8792,Q,U,0,1,NUM,Miss,359
1,3,female,,0,0,1,1,7.8792,Q,U,0,1,NUM,Miss,360
0,3,male,40.0,1,4,6,0,27.9,S,U,0,6,NUM,Mr,361
0,2,male,29.0,1,0,2,0,27.7208,C,U,0,1,SCPARIS,Mr,362
0,3,female,45.0,0,1,2,0,14.4542,C,U,0,2,NUM,Mrs,363
0,3,male,35.0,0,0,1,1,7.05,S,U,0,1,SOTONOQ,Mr,364
0,3,male,,1,0,2,0,15.5,Q,U,0,2,NUM,Mr,365
0,3,male,30.0,0,0,1,1,7.25,S,U,0,1,C,Mr,366
1,1,female,60.0,1,0,2,0,75.25,C,D,1,1,NUM,Mrs,367
1,3,female,,0,0,1,1,7.2292,C,U,0,1,NUM,Mrs,368
1,3,female,,0,0,1,1,7.75,Q,U,0,1,NUM,Miss,369
1,1,female,24.0,0,0,1,1,69.3,C,B,1,2,PC,Mrs,370
1,1,male,25.0,1,0,2,0,55.4417,C,E,1,1,NUM,Mr,371
0,3,male,18.0,1,0,2,0,6.4958,S,U,0,1,NUM,Mr,372
0,3,male,19.0,0,0,1,1,8.05,S,U,0,1,NUM,Mr,373
0,1,male,22.0,0,0,1,1,135.6333,C,U,0,3,PC,Mr,374
0,3,female,3.0,3,1,5,0,21.075,S,U,0,4,NUM,Miss,375
1,1,female,,1,0,2,0,82.1708,C,U,0,2,PC,Mrs,376
1,3,female,22.0,0,0,1,1,7.25,S,U,0,1,C,Miss,377
0,1,male,27.0,0,2,3,0,211.5,C,C,1,1,NUM,Mr,378
0,3,male,20.0,0,0,1,1,4.0125,C,U,0,1,NUM,Mr,379
0,3,male,19.0,0,0,1,1,7.775,S,U,0,1,NUM,Mr,380
1,1,female,42.0,0,0,1,1,227.525,C,U,0,4,PC,Miss,381
1,3,female,1.0,0,2,3,0,15.7417,C,U,0,2,NUM,Miss,382
0,3,male,32.0,0,0,1,1,7.925,S,U,0,1,STONO,Mr,383
1,1,female,35.0,1,0,2,0,52.0,S,U,0,2,NUM,Mrs,384
0,3,male,,0,0,1,1,7.8958,S,U,0,1,NUM,Mr,385
0,2,male,18.0,0,0,1,1,73.5,S,U,0,5,SOC,Mr,386
0,3,male,1.0,5,2,8,0,46.9,S,U,0,6,CA,Master,387
1,2,female,36.0,0,0,1,1,13.0,S,U,0,1,NUM,Miss,388
0,3,male,,0,0,1,1,7.7292,Q,U,0,1,NUM,Mr,389
1,2,female,17.0,0,0,1,1,12.0,C,U,0,1,SC,Miss,390
1,1,male,36.0,1,2,4,0,120.0,S,B,1,4,NUM,Mr,391
1,3,male,21.0,0,0,1,1,7.7958,S,U,0,1,NUM,Mr,392
0,3,male,28.0,2,0,3,0,7.925,S,U,0,1,NUM,Mr,393
1,1,female,23.0,1,0,2,0,113.275,C,D,1,3,NUM,Miss,394
1,3,female,24.0,0,2,3,0,16.7,S,G,1,2,PP,Mrs,395
0,3,male,22.0,0,0,1,1,7.7958,S,U,0,1,NUM,Mr,396
0,3,female,31.0,0,0,1,1,7.8542,S,U,0,1,NUM,Miss,397
0,2,male,46.0,0,0,1,1,26.0,S,U,0,2,NUM,Mr,398
0,2,male,23.0,0,0,1,1,10.5,S,U,0,1,NUM,Rare,399
1,2,female,28.0,0,0,1,1,12.65,S,U,0,1,NUM,Mrs,400
1,3,male,39.0,0,0,1,1,7.925,S,U,0,1,STONO,Mr,401
0,3,male,26.0,0,0,1,1,8.05,S,U,0,1,NUM,Mr,402
0,3,female,21.0,1,0,2,0,9.825,S,U,0,1,NUM,Miss,403
0,3,male,28.0,1,0,2,0,15.85,S,U,0,2,STONO,Mr,404
0,3,female,20.0,0,0,1,1,8.6625,S,U,0,1,NUM,Miss,405
0,2,male,34.0,1,0,2,0,21.0,S,U,0,1,NUM,Mr,406
0,3,male,51.0,0,0,1,1,7.75,S,U,0,1,NUM,Mr,407
1,2,male,3.0,1,1,3,0,18.75,S,U,0,3,NUM,Master,408
0,3,male,21.0,0,0,1,1,7.775,S,U,0,1,NUM,Mr,409
0,3,female,,3,1,5,0,25.4667,S,U,0,4,NUM,Miss,410
0,3,male,,0,0,1,1,7.8958,S,U,0,1,NUM,Mr,411
0,3,male,,0,0,1,1,6.8583,Q,U,0,1,NUM,Mr,412
1,1,female,33.0,1,0,2,0,90.0,Q,C,1,2,NUM,Miss,413
0,2,male,,0,0,1,1,0.0,S,U,0,3,NUM,Mr,414
1,3,male,44.0,0,0,1,1,7.925,S,U,0,1,STONO,Mr,415
0,3,female,,0,0,1,1,8.05,S,U,0,1,NUM,Mrs,416
1,2,female,34.0,1,1,3,0,32.5,S,U,0,1,NUM,Mrs,417
1,2,female,18.0,0,2,3,0,13.0,S,U,0,1,NUM,Miss,418
0,2,male,30.0,0,0,1,1,13.0,S,U,0,1,NUM,Mr,419
0,3,female,10.0,0,2,3,0,24.15,S,U,0,3,NUM,Miss,420
0,3,male,,0,0,1,1,7.8958,C,U,0,1,NUM,Mr,421
0,3,male,21.0,0,0,1,1,7.7333,Q,U,0,1,A,Mr,422
0,3,male,29.0,0,0,1,1,7.875,S,U,0,1,NUM,Mr,423
0,3,female,28.0,1,1,3,0,14.4,S,U,0,2,NUM,Mrs,424
0,3,male,18.0,1,1,3,0,20.2125,S,U,0,2,NUM,Mr,425
0,3,male,,0,0,1,1,7.25,S,U,0,1,A,Mr,426
1,2,female,28.0,1,0,2,0,26.0,S,U,0,1,NUM,Mrs,427
1,2,female,19.0,0,0,1,1,26.0,S,U,0,2,NUM,Miss,428
0,3,male,,0,0,1,1,7.75,Q,U,0,1,NUM,Mr,429
1,3,male,32.0,0,0,1,1,8.05,S,E,1,1,SOTONOQ,Mr,430
1,1,male,28.0,0,0,1,1,26.55,S,C,1,1,NUM,Mr,431
1,3,female,,1,0,2,0,16.1,S,U,0,2,NUM,Mrs,432
1,2,female,42.0,1,0,2,0,26.0,S,U,0,1,SCAH,Mrs,433
0,3,male,17.0,0,0,1,1,7.125,S,U,0,1,STONO,Mr,434
0,1,male,50.0,1,0,2,0,55.9,S,E,1,2,NUM,Mr,435
1,1,female,14.0,1,2,4,0,120.0,S,B,1,4,NUM,Miss,436
0,3,female,21.0,2,2,5,0,34.375,S,U,0,4,WC,Miss,437
1,2,female,24.0,2,3,6,0,18.75,S,U,0,3,NUM,Mrs,438
0,1,male,64.0,1,4,6,0,263.0,S,C,1,4,NUM,Mr,439
0,2,male,31.0,0,0,1,1,10.5,S,U,0,1,CA,Mr,440
1,2,female,45.0,1,1,3,0,26.25,S,U,0,3,FCC,Mrs,441
0,3,male,20.0,0,0,1,1,9.5,S,U,0,1,NUM,Mr,442
0,3,male,25.0,1,0,2,0,7.775,S,U,0,1,NUM,Mr,443
1,2,female,28.0,0,0,1,1,13.0,S,U,0,1,NUM,Miss,444
1,3,male,,0,0,1,1,8.1125,S,U,0,1,NUM,Mr,445
1,1,male,4.0,0,2,3,0,81.8583,S,A,1,1,NUM,Master,446
1,2,female,13.0,0,1,2,0,19.5,S,U,0,2,NUM,Miss,447
1,1,male,34.0,0,0,1,1,26.55,S,U,0,1,NUM,Mr,448
1,3,female,5.0,2,1,4,0,19.2583,C,U,0,4,NUM,Miss,449
1,1,male,52.0,0,0,1,1,30.5,S,C,1,1,NUM,Rare,450
0,2,male,36.0,1,2,4,0,27.75,S,U,0,3,CA,Mr,451
0,3,male,,1,0,2,0,19.9667,S,U,0,1,NUM,Mr,452
0,1,male,30.0,0,0,1,1,27.75,C,C,1,1,NUM,Mr,453
1,1,male,49.0,1,0,2,0,89.1042,C,C,1,2,NUM,Mr,454
0,3,male,,0,0,1,1,8.05,S,U,0,1,A,Mr,455
1,3,male,29.0,0,0,1,1,7.8958,C,U,0,1,NUM,Mr,456
0,1,male,65.0,0,0,1,1,26.55,S,E,1,1,NUM,Mr,457
1,1,female,,1,0,2,0,51.8625,S,D,1,1,NUM,Mrs,458
1,2,female,50.0,0,0,1,1,10.5,S,U,0,1,FCC,Miss,459
0,3,male,,0,0,1,1,7.75,Q,U,0,1,NUM,Mr,460
1,1,male,48.0,0,0,1,1,26.55,S,E,1,1,NUM,Mr,461
0,3,male,34.0,0,0,1,1,8.05,S,U,0,1,NUM,Mr,462
0,1,male,47.0,0,0,1,1,38.5,S,E,1,1,NUM,Mr,463
0,2,male,48.0,0,0,1,1,13.0,S,U,0,1,NUM,Mr,464
0,3,male,,0,0,1,1,8.05,S,U,0,1,AS,Mr,465
0,3,male,38.0,0,0,1,1,7.05,S,U,0,1,SOTONOQ,Mr,466
0,2,male,,0,0,1,1,0.0,S,U,0,3,NUM,Mr,467
0,1,male,56.0,0,0,1,1,26.55,S,U,0,1,NUM,Mr,468
0,3,male,,0,0,1,1,7.725,Q,U,0,1,NUM,Mr,469
1,3,female,0.75,2,1,4,0,19.2583,C,U,0,4,NUM,Miss,470
0,3,male,,0,0,1,1,7.25,S,U,0,1,NUM,Mr,471
0,3,male,38.0,0,0,1,1,8.6625,S,U,0,1,NUM,Mr,472
1,2,female,33.0,1,2,4,0,27.75,S,U,0,3,CA,Mrs,473
1,2,female,23.0,0,0,1,1,13.7917,C,D,1,1,SCAHBasle,Mrs,474
0,3,female,22.0,0,0,1,1,9.8375,S,U,0,1,NUM,Miss,475
0,1,male,,0,0,1,1,52.0,S,A,1,2,NUM,Mr,476
0,2,male,34.0,1,0,2,0,21.0,S,U,0,2,NUM,Mr,477
0,3,male,29.0,1,0,2,0,7.0458,S,U,0,1,NUM,Mr,478
0,3,male,22.0,0,0,1,1,7.5208,S,U,0,1,NUM,Mr,479
1,3,female,2.0,0,1,2,0,12.2875,S,U,0,1,NUM,Miss,480
0,3,male,9.0,5,2,8,0,46.9,S,U,0,6,CA,Master,481
0,2,male,,0,0,1,1,0.0,S,U,0,1,NUM,Mr,482
0,3,male,50.0,0,0,1,1,8.05,S,U,0,1,A,Mr,483
1,3,female,63.0,0,0,1,1,9.5875,S,U,0,1,NUM,Mrs,484
1,1,male,25.0,1,0,2,0,91.0792,C,B,1,2,NUM,Mr,485
0,3,female,,3,1,5,0,25.4667,S,U,0,4,NUM,Miss,486
1,1,female,35.0,1,0,2,0,90.0,S,C,1,2,NUM,Mrs,487
0,1,male,58.0,0,0,1,1,29.7,C,B,1,1,NUM,Mr,488
0,3,male,30.0,0,0,1,1,8.05,S,U,0,1,A,Mr,489
1,3,male,9.0,1,1,3,0,15.9,S,U,0,2,CA,Master,490
0,3,male,,1,0,2,0,19.9667,S,U,0,1,NUM,Mr,491
0,3,male,21.0,0,0,1,1,7.25,S,U,0,1,SOTONOQ,Mr,492
0,1,male,55.0,0,0,1,1,30.5,S,C,1,1,NUM,Mr,493
0,1,male,71.0,0,0,1,1,49.5042,C,U,0,1,PC,Mr,494
0,3,male,21.0,0,0,1,1,8.05,S,U,0,1,A,Mr,495
0,3,male,,0,0,1,1,14.4583,C,U,0,2,NUM,Mr,496
1,1,female,54.0,1,0,2,0,78.2667,C,D,1,2,NUM,Miss,497
0,3,male,,0,0,1,1,15.1,S,U,0,1,CA,Mr,498
0,1,female,25.0,1,2,4,0,151.55,S,C,1,4,NUM,Mrs,499
0,3,male,24.0,0,0,1,1,7.7958,S,U,0,1,NUM,Mr,500
0,3,male,17.0,0,0,1,1,8.6625,S,U,0,1,NUM,Mr,501
0,3,female,21.0,0,0,1,1,7.75,Q,U,0,1,NUM,Miss,502
0,3,female,,0,0,1,1,7.6292,Q,U,0,1,NUM,Miss,503
0,3,female,37.0,0,0,1,1,9.5875,S,U,0,1,NUM,Miss,504
1,1,female,16.0,0,0,1,1,86.5,S,B,1,3,NUM,Miss,505
0,1,male,18.0,1,0,2,0,108.9,C,C,1,2,PC,Mr,506
1,2,female,33.0,0,2,3,0,26.0,S,U,0,2,NUM,Mrs,507
1,1,male,,0,0,1,1,26.55,S,U,0,1,NUM,Mr,508
0,3,male,28.0,0,0,1,1,22.525,S,U,0,1,C,Mr,509
1,3,male,26.0,0,0,1,1,56.4958,S,U,0,7,NUM,Mr,510
1,3,male,29.0,0,0,1,1,7.75,Q,U,0,1,NUM,Mr,511
0,3,male,,0,0,1,1,8.05,S,U,0,1,SOTONOQ,Mr,512
1,1,male,36.0,0,0,1,1,26.2875,S,E,1,1,PC,Mr,513
1,1,female,54.0,1,0,2,0,59.4,C,U,0,1,PC,Mrs,514
0,3,male,24.0,0,0,1,1,7.4958,S,U,0,1,NUM,Mr,515
0,1,male,47.0,0,0,1,1,34.0208,S,D,1,1,NUM,Mr,516
1,2,female,34.0,0,0,1,1,10.5,S,F,1,1,CA,Mrs,517
0,3,male,,0,0,1,1,24.15,Q,U,0,3,NUM,Mr,518
1,2,female,36.0,1,0,2,0,26.0,S,U,0,1,NUM,Mrs,519
0,3,male,32.0,0,0,1,1,7.8958,S,U,0,1,NUM,Mr,520
1,1,female,30.0,0,0,1,1,93.5,S,B,1,2,NUM,Miss,521
0,3,male,22.0,0,0,1,1,7.8958,S,U,0,1,NUM,Mr,522
0,3,male,,0,0,1,1,7.225,C,U,0,1,NUM,Mr,523
1,1,female,44.0,0,1,2,0,57.9792,C,B,1,2,NUM,Mrs,524
0,3,male,,0,0,1,1,7.2292,C,U,0,1,NUM,Mr,525
0,3,male,40.5,0,0,1,1,7.75,Q,U,0,1,NUM,Mr,526
1,2,female,50.0,0,0,1,1,10.5,S,U,0,1,WC,Miss,527
0,1,male,,0,0,1,1,221.7792,S,C,1,1,PC,Mr,528
0,3,male,39.0,0,0,1,1,7.925,S,U,0,1,NUM,Mr,529
0,2,male,23.0,2,1,4,0,11.5,S,U,0,1,NUM,Mr,530
1,2,female,2.0,1,1,3,0,26.0,S,U,0,2,NUM,Miss,531
0,3,male,,0,0,1,1,7.2292,C,U,0,1,NUM,Mr,532
0,3,male,17.0,1,1,3,0,7.2292,C,U,0,1,NUM,Mr,533
1,3,female,,0,2,3,0,22.3583,C,U,0,2,NUM,Mrs,534
0,3,female,30.0,0,0,1,1,8.6625,S,U,0,1,NUM,Miss,535
1,2,female,7.0,0,2,3,0,26.25,S,U,0,3,FCC,Miss,536
0,1,male,45.0,0,0,1,1,26.55,S,B,1,1,NUM,Rare,537
1,1,female,30.0,0,0,1,1,106.425,C,U,0,2,PC,Miss,538
0,3,male,,0,0,1,1,14.5,S,U,0,1,NUM,Mr,539
1,1,female,22.0,0,2,3,0,49.5,C,B,1,1,NUM,Miss,540
1,1,female,36.0,0,2,3,0,71.0,S,B,1,2,WEP,Miss,541
0,3,female,9.0,4,2,7,0,31.275,S,U,0,7,NUM,Miss,542
0,3,female,11.0,4,2,7,0,31.275,S,U,0,7,NUM,Miss,543
1,2,male,32.0,1,0,2,0,26.0,S,U,0,2,NUM,Mr,544
0,1,male,50.0,1,0,2,0,106.425,C,C,1,2,PC,Mr,545
0,1,male,64.0,0,0,1,1,26.0,S,U,0,1,NUM,Mr,546
1,2,female,19.0,1,0,2,0,26.0,S,U,0,2,NUM,Mrs,547
1,2,male,,0,0,1,1,13.8625,C,U,0,1,SCPARIS,Mr,548
0,3,male,33.0,1,1,3,0,20.525,S,U,0,3,NUM,Mr,549
1,2,male,8.0,1,1,3,0,36.75,S,U,0,2,CA,Master,550
1,1,male,17.0,0,2,3,0,110.8833,C,C,1,4,NUM,Mr,551
0,2,male,27.0,0,0,1,1,26.0,S,U,0,1,NUM,Mr,552
0,3,male,,0,0,1,1,7.8292,Q,U,0,1,NUM,Mr,553
1,3,male,22.0,0,0,1,1,7.225,C,U,0,1,NUM,Mr,554
1,3,female,22.0,0,0,1,1,7.775,S,U,0,1,NUM,Miss,555
0,1,male,62.0,0,0,1,1,26.55,S,U,0,1,NUM,Mr,556
1,1,female,48.0,1,0,2,0,39.6,C,A,1,1,NUM,Rare,557
0,1,male,,0,0,1,1,227.525,C,U,0,4,PC,Mr,558
1,1,female,39.0,1,1,3,0,79.65,S,E,1,3,NUM,Mrs,559
1,3,female,36.0,1,0,2,0,17.4,S,U,0,1,NUM,Mrs,560
0,3,male,,0,0,1,1,7.75,Q,U,0,1,NUM,Mr,561
0,3,male,40.0,0,0,1,1,7.8958,S,U,0,1,NUM,Mr,562
0,2,male,28.0,0,0,1,1,13.5,S,U,0,1,NUM,Mr,563
0,3,male,,0,0,1,1,8.05,S,U,0,1,SOTONOQ,Mr,564
0,3,female,,0,0,1,1,8.05,S,U,0,1,SOTONOQ,Miss,565
0,3,male,24.0,2,0,3,0,24.15,S,U,0,2,A,Mr,566
0,3,male,19.0,0,0,1,1,7.8958,S,U,0,1,NUM,Mr,567
0,3,female,29.0,0,4,5,0,21.075,S,U,0,4,NUM,Mrs,568
0,3,male,,0,0,1,1,7.2292,C,U,0,1,NUM,Mr,569
1,3,male,32.0,0,0,1,1,7.8542,S,U,0,1,NUM,Mr,570
1,2,male,62.0,0,0,1,1,10.5,S,U,0,1,SWPP,Mr,571
1,1,female,53.0,2,0,3,0,51.4792,S,C,1,1,NUM,Mrs,572
1,1,male,36.0,0,0,1,1,26.3875,S,E,1,1,PC,Mr,573
1,3,female,,0,0,1,1,7.75,Q,U,0,1,NUM,Miss,574
0,3,male,16.0,0,0,1,1,8.05,S,U,0,1,A,Mr,575
0,3,male,19.0,0,0,1,1,14.5,S,U,0,2,NUM,Mr,576
1,2,female,34.0,0,0,1,1,13.0,S,U,0,1,NUM,Miss,577
1,1,female,39.0,1,0,2,0,55.9,S,E,1,2,NUM,Mrs,578
0,3,female,,1,0,2,0,14.4583,C,U,0,1,NUM,Mrs,579
1,3,male,32.0,0,0,1,1,7.925,S,U,0,1,STONO,Mr,580
1,2,female,25.0,1,1,3,0,30.0,S,U,0,1,NUM,Miss,581
1,1,female,39.0,1,1,3,0,110.8833,C,C,1,4,NUM,Mrs,582
0,2,male,54.0,0,0,1,1,26.0,S,U,0,2,NUM,Mr,583
0,1,male,36.0,0,0,1,1,40.125,C,A,1,1,NUM,Mr,584
0,3,male,,0,0,1,1,8.7125,C,U,0,1,NUM,Mr,585
1,1,female,18.0,0,2,3,0,79.65,S,E,1,3,NUM,Miss,586
0,2,male,47.0,0,0,1,1,15.0,S,U,0,1,NUM,Mr,587
1,1,male,60.0,1,1,3,0,79.2,C,B,1,1,NUM,Mr,588
0,3,male,22.0,0,0,1,1,8.05,S,U,0,1,NUM,Mr,589
0,3,male,,0,0,1,1,8.05,S,U,0,1,A,Mr,590
0,3,male,35.0,0,0,1,1,7.125,S,U,0,1,STONO,Mr,591
1,1,female,52.0,1,0,2,0,78.2667,C,D,1,2,NUM,Mrs,592
0,3,male,47.0,0,0,1,1,7.25,S,U,0,1,A,Mr,593
0,3,female,,0,2,3,0,7.75,Q,U,0,1,NUM,Miss,594
0,2,male,37.0,1,0,2,0,26.0,S,U,0,1,SCAH,Mr,595
0,3,male,36.0,1,1,3,0,24.15,S,U,0,3,NUM,Mr,596
1,2,female,,0,0,1,1,33.0,S,U,0,3,NUM,Miss,597
0,3,male,49.0,0,0,1,1,0.0,S,U,0,4,LINE,Mr,598
0,3,male,,0,0,1,1,7.225,C,U,0,1,NUM,Mr,599
1,1,male,49.0,1,0,2,0,56.9292,C,A,1,2,PC,Rare,600
1,2,female,24.0,2,1,4,0,27.0,S,U,0,2,NUM,Mrs,601
0,3,male,,0,0,1,1,7.8958,S,U,0,1,NUM,Mr,602
0,1,male,,0,0,1,1,42.4,S,U,0,1,NUM,Mr,603
0,3,male,44.0,0,0,1,1,8.05,S,U,0,1,NUM,Mr,604
1,1,male,35.0,0,0,1,1,26.55,C,U,0,1,NUM,Mr,605
0,3,male,36.0,1,0,2,0,15.55,S,U,0,1,NUM,Mr,606
0,3,male,30.0,0,0,1,1,7.8958,S,U,0,1,NUM,Mr,607
1,1,male,27.0,0,0,1,1,30.5,S,U,0,1,NUM,Mr,608
1,2,female,22.0,1,2,4,0,41.5792,C,U,0,3,SCParis,Mrs,609
1,1,female,40.0,0,0,1,1,153.4625,S,C,1,3,PC,Miss,610
0,3,female,39.0,1,5,7,0,31.275,S,U,0,7,NUM,Mrs,611
0,3,male,,0,0,1,1,7.05,S,U,0,1,SOTONOQ,Mr,612
1,3,female,,1,0,2,0,15.5,Q,U,0,2,NUM,Miss,613
0,3,male,,0,0,1,1,7.75,Q,U,0,1,NUM,Mr,614
0,3,male,35.0,0,0,1,1,8.05,S,U,0,1,NUM,Mr,615
1,2,female,24.0,1,2,4,0,65.0,S,U,0,2,NUM,Miss,616
0,3,male,34.0,1,1,3,0,14.4,S,U,0,2,NUM,Mr,617
0,3,female,26.0,1,0,2,0,16.1,S,U,0,2,A,Mrs,618
1,2,female,4.0,2,1,4,0,39.0,S,F,1,2,NUM,Miss,619
0,2,male,26.0,0,0,1,1,10.5,S,U,0,1,NUM,Mr,620
0,3,male,27.0,1,0,2,0,14.4542,C,U,0,2,NUM,Mr,621
1,1,male,42.0,1,0,2,0,52.5542,S,D,1,1,NUM,Mr,622
1,3,male,20.0,1,1,3,0,15.7417,C,U,0,2,NUM,Mr,623
0,3,male,21.0,0,0,1,1,7.8542,S,U,0,1,NUM,Mr,624
0,3,male,21.0,0,0,1,1,16.1,S,U,0,2,NUM,Mr,625
0,1,male,61.0,0,0,1,1,32.3208,S,D,1,1,NUM,Mr,626
0,2,male,57.0,0,0,1,1,12.35,Q,U,0,1,NUM,Rare,627
1,1,female,21.0,0,0,1,1,77.9583,S,D,1,3,NUM,Miss,628
0,3,male,26.0,0,0,1,1,7.8958,S,U,0,1,NUM,Mr,629
0,3,male,,0,0,1,1,7.7333,Q,U,0,1,NUM,Mr,630
1,1,male,80.0,0,0,1,1,30.0,S,A,1,1,NUM,Mr,631
0,3,male,51.0,0,0,1,1,7.0542,S,U,0,1,NUM,Mr,632
1,1,male,32.0,0,0,1,1,30.5,C,B,1,1,NUM,Rare,633
0,1,male,,0,0,1,1,0.0,S,U,0,1,NUM,Mr,634
0,3,female,9.0,3,2,6,0,27.9,S,U,0,6,NUM,Miss,635
1,2,female,28.0,0,0,1,1,13.0,S,U,0,1,NUM,Miss,636
0,3,male,32.0,0,0,1,1,7.925,S,U,0,1,STONO,Mr,637
0,2,male,31.0,1,1,3,0,26.25,S,U,0,3,CA,Mr,638
0,3,female,41.0,0,5,6,0,39.6875,S,U,0,6,NUM,Mrs,639
0,3,male,,1,0,2,0,16.1,S,U,0,2,NUM,Mr,640
0,3,male,20.0,0,0,1,1,7.8542,S,U,0,1,NUM,Mr,641
1,1,female,24.0,0,0,1,1,69.3,C,B,1,2,PC,Miss,642
0,3,female,2.0,3,2,6,0,27.9,S,U,0,6,NUM,Miss,643
1,3,male,,0,0,1,1,56.4958,S,U,0,7,NUM,Mr,644
1,3,female,0.75,2,1,4,0,19.2583,C,U,0,4,NUM,Miss,645
1,1,male,48.0,1,0,2,0,76.7292,C,D,1,3,PC,Mr,646
0,3,male,19.0,0,0,1,1,7.8958,S,U,0,1,NUM,Mr,647
1,1,male,56.0,0,0,1,1,35.5,C,A,1,1,NUM,Rare,648
0,3,male,,0,0,1,1,7.55,S,U,0,1,SOPP,Mr,649
1,3,female,23.0,0,0,1,1,7.55,S,U,0,1,CA,Miss,650
0,3,male,,0,0,1,1,7.8958,S,U,0,1,NUM,Mr,651
1,2,female,18.0,0,1,2,0,23.0,S,U,0,2,NUM,Miss,652
0,3,male,21.0,0,0,1,1,8.4333,S,U,0,1,NUM,Mr,653
1,3,female,,0,0,1,1,7.8292,Q,U,0,1,NUM,Miss,654
0,3,female,18.0,0,0,1,1,6.75,Q,U,0,1,NUM,Miss,655
0,2,male,24.0,2,0,3,0,73.5,S,U,0,5,SOC,Mr,656
0,3,male,,0,0,1,1,7.8958,S,U,0,1,NUM,Mr,657
0,3,female,32.0,1,1,3,0,15.5,Q,U,0,2,NUM,Mrs,658
0,2,male,23.0,0,0,1,1,13.0,S,U,0,1,NUM,Mr,659
0,1,male,58.0,0,2,3,0,113.275,C,D,1,3,NUM,Mr,660
1,1,male,50.0,2,0,3,0,133.65,S,U,0,2,PC,Rare,661
0,3,male,40.0,0,0,1,1,7.225,C,U,0,1,NUM,Mr,662
0,1,male,47.0,0,0,1,1,25.5875,S,E,1,1,NUM,Mr,663
0,3,male,36.0,0,0,1,1,7.4958,S,U,0,1,NUM,Mr,664
1,3,male,20.0,1,0,2,0,7.925,S,U,0,1,STONO,Mr,665
0,2,male,32.0,2,0,3,0,73.5,S,U,0,5,SOC,Mr,666
0,2,male,25.0,0,0,1,1,13.0,S,U,0,1,NUM,Mr,667
0,3,male,,0,0,1,1,7.775,S,U,0,1,NUM,Mr,668
0,3,male,43.0,0,0,1,1,8.05,S,U,0,1,A,Mr,669
1,1,female,,1,0,2,0,52.0,S,C,1,2,NUM,Mrs,670
1,2,female,40.0,1,1,3,0,39.0,S,U,0,2,NUM,Mrs,671
0,1,male,31.0,1,0,2,0,52.0,S,B,1,1,FC,Mr,672
0,2,male,70.0,0,0,1,1,10.5,S,U,0,1,CA,Mr,673
1,2,male,31.0,0,0,1,1,13.0,S,U,0,1,NUM,Mr,674
0,2,male,,0,0,1,1,0.0,S,U,0,1,NUM,Mr,675
0,3,male,18.0,0,0,1,1,7.775,S,U,0,1,NUM,Mr,676
0,3,male,24.5,0,0,1,1,8.05,S,U,0,1,NUM,Mr,677
1,3,female,18.0,0,0,1,1,9.8417,S,U,0,1,NUM,Miss,678
0,3,female,43.0,1,6,8,0,46.9,S,U,0,6,CA,Mrs,679
1,1,male,36.0,0,1,2,0,512.3292,C,B,1,3,PC,Mr,680
0,3,female,,0,0,1,1,8.1375,Q,U,0,1,NUM,Miss,681
1,1,male,27.0,0,0,1,1,76.7292,C,D,1,3,PC,Mr,682
0,3,male,20.0,0,0,1,1,9.225,S,U,0,1,NUM,Mr,683
0,3,male,14.0,5,2,8,0,46.9,S,U,0,6,CA,Mr,684
0,2,male,60.0,1,1,3,0,39.0,S,U,0,2,NUM,Mr,685
0,2,male,25.0,1,2,4,0,41.5792,C,U,0,3,SCParis,Mr,686
0,3,male,14.0,4,1,6,0,39.6875,S,U,0,6,NUM,Mr,687
0,3,male,19.0,0,0,1,1,10.1708,S,U,0,1,NUM,Mr,688
0,3,male,18.0,0,0,1,1,7.7958,S,U,0,1,NUM,Mr,689
1,1,female,15.0,0,1,2,0,211.3375,S,B,1,3,NUM,Miss,690
1,1,male,31.0,1,0,2,0,57.0,S,B,1,2,NUM,Mr,691
1,3,female,4.0,0,1,2,0,13.4167,C,U,0,1,NUM,Miss,692
1,3,male,,0,0,1,1,56.4958,S,U,0,7,NUM,Mr,693
0,3,male,25.0,0,0,1,1,7.225,C,U,0,1,NUM,Mr,694
0,1,male,60.0,0,0,1,1,26.55,S,U,0,1,NUM,Rare,695
0,2,male,52.0,0,0,1,1,13.5,S,U,0,1,NUM,Mr,696
0,3,male,44.0,0,0,1,1,8.05,S,U,0,1,NUM,Mr,697
1,3,female,,0,0,1,1,7.7333,Q,U,0,1,NUM,Miss,698
0,1,male,49.0,1,1,3,0,110.8833,C,C,1,4,NUM,Mr,699
0,3,male,42.0,0,0,1,1,7.65,S,F,1,1,NUM,Mr,700
1,1,female,18.0,1,0,2,0,227.525,C,C,1,4,PC,Mrs,701
1,1,male,35.0,0,0,1,1,26.2875,S,E,1,1,PC,Mr,702
0,3,female,18.0,0,1,2,0,14.4542,C,U,0,2,NUM,Miss,703
0,3,male,25.0,0,0,1,1,7.7417,Q,U,0,1,NUM,Mr,704
0,3,male,26.0,1,0,2,0,7.8542,S,U,0,1,NUM,Mr,705
0,2,male,39.0,0,0,1,1,26.0,S,U,0,2,NUM,Mr,706
1,2,female,45.0,0,0,1,1,13.5,S,U,0,1,NUM,Mrs,707
1,1,male,42.0,0,0,1,1,26.2875,S,E,1,1,PC,Mr,708
1,1,female,22.0,0,0,1,1,151.55,S,U,0,4,NUM,Miss,709
1,3,male,,1,1,3,0,15.2458,C,U,0,2,NUM,Master,710
1,1,female,24.0,0,0,1,1,49.5042,C,C,1,1,PC,Miss,711
0,1,male,,0,0,1,1,26.55,S,C,1,1,NUM,Mr,712
1,1,male,48.0,1,0,2,0,52.0,S,C,1,2,NUM,Mr,713
0,3,male,29.0,0,0,1,1,9.4833,S,U,0,1,NUM,Mr,714
0,2,male,52.0,0,0,1,1,13.0,S,U,0,2,NUM,Mr,715
0,3,male,19.0,0,0,1,1,7.65,S,F,1,1,NUM,Mr,716
1,1,female,38.0,0,0,1,1,227.525,C,C,1,4,PC,Miss,717
1,2,female,27.0,0,0,1,1,10.5,S,E,1,1,NUM,Miss,718
0,3,male,,0,0,1,1,15.5,Q,U,0,1,NUM,Mr,719
0,3,male,33.0,0,0,1,1,7.775,S,U,0,1,NUM,Mr,720
1,2,female,6.0,0,1,2,0,33.0,S,U,0,3,NUM,Miss,721
0,3,male,17.0,1,0,2,0,7.0542,S,U,0,1,NUM,Mr,722
0,2,male,34.0,0,0,1,1,13.0,S,U,0,1,NUM,Mr,723
0,2,male,50.0,0,0,1,1,13.0,S,U,0,1,NUM,Mr,724
1,1,male,27.0,1,0,2,0,53.1,S,E,1,2,NUM,Mr,725
0,3,male,20.0,0,0,1,1,8.6625,S,U,0,1,NUM,Mr,726
1,2,female,30.0,3,0,4,0,21.0,S,U,0,2,NUM,Mrs,727
1,3,female,,0,0,1,1,7.7375,Q,U,0,1,NUM,Miss,728
0,2,male,25.0,1,0,2,0,26.0,S,U,0,1,NUM,Mr,729
0,3,female,25.0,1,0,2,0,7.925,S,U,0,1,STONO,Miss,730
1,1,female,29.0,0,0,1,1,211.3375,S,B,1,3,NUM,Miss,731
0,3,male,11.0,0,0,1,1,18.7875,C,U,0,2,NUM,Mr,732
0,2,male,,0,0,1,1,0.0,S,U,0,1,NUM,Mr,733
0,2,male,23.0,0,0,1,1,13.0,S,U,0,1,NUM,Mr,734
0,2,male,23.0,0,0,1,1,13.0,S,U,0,1,NUM,Mr,735
0,3,male,28.5,0,0,1,1,16.1,S,U,0,2,NUM,Mr,736
0,3,female,48.0,1,3,5,0,34.375,S,U,0,4,WC,Mrs,737
1,1,male,35.0,0,0,1,1,512.3292,C,B,1,3,PC,Mr,738
0,3,male,,0,0,1,1,7.8958,S,U,0,1,NUM,Mr,739
0,3,male,,0,0,1,1,7.8958,S,U,0,1,NUM,Mr,740
1,1,male,,0,0,1,1,30.0,S,D,1,1,NUM,Mr,741
0,1,male,36.0,1,0,2,0,78.85,S,C,1,2,NUM,Mr,742
1,1,female,21.0,2,2,5,0,262.375,C,B,1,2,PC,Miss,743
0,3,male,24.0,1,0,2,0,16.1,S,U,0,1,NUM,Mr,744
1,3,male,31.0,0,0,1,1,7.925,S,U,0,1,STONO,Mr,745
0,1,male,70.0,1,1,3,0,71.0,S,B,1,2,WEP,Rare,746
0,3,male,16.0,1,1,3,0,20.25,S,U,0,2,CA,Mr,747
1,2,female,30.0,0,0,1,1,13.0,S,U,0,1,NUM,Miss,748
0,1,male,19.0,1,0,2,0,53.1,S,D,1,1,NUM,Mr,749
0,3,male,31.0,0,0,1,1,7.75,Q,U,0,1,NUM,Mr,750
1,2,female,4.0,1,1,3,0,23.0,S,U,0,1,NUM,Miss,751
1,3,male,6.0,0,1,2,0,12.475,S,E,1,2,NUM,Master,752
0,3,male,33.0,0,0,1,1,9.5,S,U,0,1,NUM,Mr,753
0,3,male,23.0,0,0,1,1,7.8958,S,U,0,1,NUM,Mr,754
1,2,female,48.0,1,2,4,0,65.0,S,U,0,2,NUM,Mrs,755
1,2,male,0.67,1,1,3,0,14.5,S,U,0,2,NUM,Master,756
0,3,male,28.0,0,0,1,1,7.7958,S,U,0,1,NUM,Mr,757
0,2,male,18.0,0,0,1,1,11.5,S,U,0,1,NUM,Mr,758
0,3,male,34.0,0,0,1,1,8.05,S,U,0,1,NUM,Mr,759
1,1,female,33.0,0,0,1,1,86.5,S,B,1,3,NUM,the Countess,760
0,3,male,,0,0,1,1,14.5,S,U,0,2,NUM,Mr,761
0,3,male,41.0,0,0,1,1,7.125,S,U,0,1,SOTONO,Mr,762
1,3,male,20.0,0,0,1,1,7.2292,C,U,0,1,NUM,Mr,763
1,1,female,36.0,1,2,4,0,120.0,S,B,1,4,NUM,Mrs,764
0,3,male,16.0,0,0,1,1,7.775,S,U,0,1,NUM,Mr,765
1,1,female,51.0,1,0,2,0,77.9583,S,D,1,3,NUM,Mrs,766
0,1,male,,0,0,1,1,39.6,C,U,0,1,NUM,Rare,767
0,3,female,30.5,0,0,1,1,7.75,Q,U,0,1,NUM,Miss,768
0,3,male,,1,0,2,0,24.15,Q,U,0,3,NUM,Mr,769
0,3,male,32.0,0,0,1,1,8.3625,S,U,0,1,NUM,Mr,770
0,3,male,24.0,0,0,1,1,9.5,S,U,0,1,NUM,Mr,771
0,3,male,48.0,0,0,1,1,7.8542,S,U,0,1,NUM,Mr,772
0,2,female,57.0,0,0,1,1,10.5,S,E,1,2,SOPP,Mrs,773
0,3,male,,0,0,1,1,7.225,C,U,0,1,NUM,Mr,774
1,2,female,54.0,1,3,5,0,23.0,S,U,0,1,NUM,Mrs,775
0,3,male,18.0,0,0,1,1,7.75,S,U,0,1,NUM,Mr,776
0,3,male,,0,0,1,1,7.75,Q,F,1,1,NUM,Mr,777
1,3,female,5.0,0,0,1,1,12.475,S,U,0,2,NUM,Miss,778
0,3,male,,0,0,1,1,7.7375,Q,U,0,1,NUM,Mr,779
1,1,female,43.0,0,1,2,0,211.3375,S,B,1,3,NUM,Mrs,780
1,3,female,13.0,0,0,1,1,7.2292,C,U,0,1,NUM,Miss,781
1,1,female,17.0,1,0,2,0,57.0,S,B,1,2,NUM,Mrs,782
0,1,male,29.0,0,0,1,1,30.0,S,D,1,1,NUM,Mr,783
0,3,male,,1,2,4,0,23.45,S,U,0,2,WC,Mr,784
0,3,male,25.0,0,0,1,1,7.05,S,U,0,1,SOTONOQ,Mr,785
0,3,male,25.0,0,0,1,1,7.25,S,U,0,1,NUM,Mr,786
1,3,female,18.0,0,0,1,1,7.4958,S,U,0,1,NUM,Miss,787
0,3,male,8.0,4,1,6,0,29.125,Q,U,0,5,NUM,Master,788
1,3,male,1.0,1,2,4,0,20.575,S,U,0,2,CA,Master,789
0,1,male,46.0,0,0,1,1,79.2,C,B,1,2,PC,Mr,790
0,3,male,,0,0,1,1,7.75,Q,U,0,1,NUM,Mr,791
0,2,male,16.0,0,0,1,1,26.0,S,U,0,2,NUM,Mr,792
0,3,female,,8,2,11,0,69.55,S,U,0,7,CA,Miss,793
0,1,male,,0,0,1,1,30.6958,C,U,0,1,PC,Mr,794
0,3,male,25.0,0,0,1,1,7.8958,S,U,0,1,NUM,Mr,795
0,2,male,39.0,0,0,1,1,13.0,S,U,0,1,NUM,Mr,796
1,1,female,49.0,0,0,1,1,25.9292,S,D,1,1,NUM,Rare,797
1,3,female,31.0,0,0,1,1,8.6833,S,U,0,1,NUM,Mrs,798
0,3,male,30.0,0,0,1,1,7.2292,C,U,0,1,NUM,Mr,799
0,3,female,30.0,1,1,3,0,24.15,S,U,0,3,NUM,Mrs,800
0,2,male,34.0,0,0,1,1,13.0,S,U,0,2,NUM,Mr,801
1,2,female,31.0,1,1,3,0,26.25,S,U,0,3,CA,Mrs,802
1,1,male,11.0,1,2,4,0,120.0,S,B,1,4,NUM,Master,803
1,3,male,0.42,0,1,2,0,8.5167,C,U,0,1,NUM,Master,804
1,3,male,27.0,0,0,1,1,6.975,S,U,0,1,NUM,Mr,805
0,3,male,31.0,0,0,1,1,7.775,S,U,0,1,NUM,Mr,806
0,1,male,39.0,0,0,1,1,0.0,S,A,1,1,NUM,Mr,807
0,3,female,18.0,0,0,1,1,7.775,S,U,0,1,NUM,Miss,808
0,2,male,39.0,0,0,1,1,13.0,S,U,0,1,NUM,Mr,809
1,1,female,33.0,1,0,2,0,53.1,S,E,1,2,NUM,Mrs,810
0,3,male,26.0,0,0,1,1,7.8875,S,U,0,1,NUM,Mr,811
0,3,male,39.0,0,0,1,1,24.15,S,U,0,2,A,Mr,812
0,2,male,35.0,0,0,1,1,10.5,S,U,0,1,NUM,Mr,813
0,3,female,6.0,4,2,7,0,31.275,S,U,0,7,NUM,Miss,814
0,3,male,30.5,0,0,1,1,8.05,S,U,0,1,NUM,Mr,815
0,1,male,,0,0,1,1,0.0,S,B,1,1,NUM,Mr,816
0,3,female,23.0,0,0,1,1,7.925,S,U,0,1,STONO,Miss,817
0,2,male,31.0,1,1,3,0,37.0042,C,U,0,2,SCPARIS,Mr,818
0,3,male,43.0,0,0,1,1,6.45,S,U,0,1,C,Mr,819
0,3,male,10.0,3,2,6,0,27.9,S,U,0,6,NUM,Master,820
1,1,female,52.0,1,1,3,0,93.5,S,B,1,2,NUM,Mrs,821
1,3,male,27.0,0,0,1,1,8.6625,S,U,0,1,NUM,Mr,822
0,1,male,38.0,0,0,1,1,0.0,S,U,0,1,NUM,Rare,823
1,3,female,27.0,0,1,2,0,12.475,S,E,1,2,NUM,Mrs,824
0,3,male,2.0,4,1,6,0,39.6875,S,U,0,6,NUM,Master,825
0,3,male,,0,0,1,1,6.95,Q,U,0,1,NUM,Mr,826
0,3,male,,0,0,1,1,56.4958,S,U,0,7,NUM,Mr,827
1,2,male,1.0,0,2,3,0,37.0042,C,U,0,2,SCPARIS,Master,828
1,3,male,,0,0,1,1,7.75,Q,U,0,1,NUM,Mr,829
1,1,female,62.0,0,0,1,1,80.0,S,B,1,2,NUM,Mrs,830
1,3,female,15.0,1,0,2,0,14.4542,C,U,0,2,NUM,Mrs,831
1,2,male,0.83,1,1,3,0,18.75,S,U,0,3,NUM,Master,832
0,3,male,,0,0,1,1,7.2292,C,U,0,1,NUM,Mr,833
0,3,male,23.0,0,0,1,1,7.8542,S,U,0,1,NUM,Mr,834
0,3,male,18.0,0,0,1,1,8.3,S,U,0,1,NUM,Mr,835
1,1,female,39.0,1,1,3,0,83.1583,C,E,1,1,PC,Miss,836
0,3,male,21.0,0,0,1,1,8.6625,S,U,0,1,NUM,Mr,837
0,3,male,,0,0,1,1,8.05,S,U,0,1,NUM,Mr,838
1,3,male,32.0,0,0,1,1,56.4958,S,U,0,7,NUM,Mr,839
1,1,male,,0,0,1,1,29.7,C,C,1,1,NUM,Mr,840
0,3,male,20.0,0,0,1,1,7.925,S,U,0,1,SOTONO,Mr,841
0,2,male,16.0,0,0,1,1,10.5,S,U,0,2,SOPP,Mr,842
1,1,female,30.0,0,0,1,1,31.0,C,U,0,2,NUM,Miss,843
0,3,male,34.5,0,0,1,1,6.4375,C,U,0,1,NUM,Mr,844
0,3,male,17.0,0,0,1,1,8.6625,S,U,0,1,NUM,Mr,845
0,3,male,42.0,0,0,1,1,7.55,S,U,0,1,CA,Mr,846
0,3,male,,8,2,11,0,69.55,S,U,0,7,CA,Mr,847
0,3,male,35.0,0,0,1,1,7.8958,C,U,0,1,NUM,Mr,848
0,2,male,28.0,0,1,2,0,33.0,S,U,0,3,NUM,Rare,849
1,1,female,,1,0,2,0,89.1042,C,C,1,2,NUM,Mrs,850
0,3,male,4.0,4,2,7,0,31.275,S,U,0,7,NUM,Master,851
0,3,male,74.0,0,0,1,1,7.775,S,U,0,1,NUM,Mr,852
0,3,female,9.0,1,1,3,0,15.2458,C,U,0,2,NUM,Miss,853
1,1,female,16.0,0,1,2,0,39.4,S,D,1,1,PC,Miss,854
0,2,female,44.0,1,0,2,0,26.0,S,U,0,2,NUM,Mrs,855
1,3,female,18.0,0,1,2,0,9.35,S,U,0,1,NUM,Mrs,856
1,1,female,45.0,1,1,3,0,164.8667,S,U,0,2,NUM,Mrs,857
1,1,male,51.0,0,0,1,1,26.55,S,E,1,1,NUM,Mr,858
1,3,female,24.0,0,3,4,0,19.2583,C,U,0,4,NUM,Mrs,859
0,3,male,,0,0,1,1,7.2292,C,U,0,1,NUM,Mr,860
0,3,male,41.0,2,0,3,0,14.1083,S,U,0,1,NUM,Mr,861
0,2,male,21.0,1,0,2,0,11.5,S,U,0,1,NUM,Mr,862
1,1,female,48.0,0,0,1,1,25.9292,S,D,1,1,NUM,Mrs,863
0,3,female,,8,2,11,0,69.55,S,U,0,7,CA,Miss,864
0,2,male,24.0,0,0,1,1,13.0,S,U,0,1,NUM,Mr,865
1,2,female,42.0,0,0,1,1,13.0,S,U,0,1,NUM,Mrs,866
1,2,female,27.0,1,0,2,0,13.8583,C,U,0,1,SCPARIS,Miss,867
0,1,male,31.0,0,0,1,1,50.4958,S,A,1,1,PC,Mr,868
0,3,male,,0,0,1,1,9.5,S,U,0,1,NUM,Mr,869
1,3,male,4.0,1,1,3,0,11.1333,S,U,0,3,NUM,Master,870
0,3,male,26.0,0,0,1,1,7.8958,S,U,0,1,NUM,Mr,871
1,1,female,47.0,1,1,3,0,52.5542,S,D,1,2,NUM,Mrs,872
0,1,male,33.0,0,0,1,1,5.0,S,B,1,1,NUM,Mr,873
0,3,male,47.0,0,0,1,1,9.0,S,U,0,1,NUM,Mr,874
1,2,female,28.0,1,0,2,0,24.0,C,U,0,2,PPP,Mrs,875
1,3,female,15.0,0,0,1,1,7.225,C,U,0,1,NUM,Miss,876
0,3,male,20.0,0,0,1,1,9.8458,S,U,0,2,NUM,Mr,877
0,3,male,19.0,0,0,1,1,7.8958,S,U,0,1,NUM,Mr,878
0,3,male,,0,0,1,1,7.8958,S,U,0,1,NUM,Mr,879
1,1,female,56.0,0,1,2,0,83.1583,C,C,1,2,NUM,Mrs,880
1,2,female,25.0,0,1,2,0,26.0,S,U,0,2,NUM,Mrs,881
0,3,male,33.0,0,0,1,1,7.8958,S,U,0,1,NUM,Mr,882
0,3,female,22.0,0,0,1,1,10.5167,S,U,0,1,NUM,Miss,883
0,2,male,28.0,0,0,1,1,10.5,S,U,0,1,CASOTON,Mr,884
0,3,male,25.0,0,0,1,1,7.05,S,U,0,1,SOTONOQ,Mr,885
0,3,female,39.0,0,5,6,0,29.125,Q,U,0,5,NUM,Mrs,886
0,2,male,27.0,0,0,1,1,13.0,S,U,0,1,NUM,Rare,887
1,1,female,19.0,0,0,1,1,30.0,S,B,1,1,NUM,Miss,888
0,3,female,,1,2,4,0,23.45,S,U,0,2,WC,Miss,889
1,1,male,26.0,0,0,1,1,30.0,C,C,1,1,NUM,Mr,890
0,3,male,32.0,0,0,1,1,7.75,Q,U,0,1,NUM,Mr,891
