PassengerId,Survived,SurvivalProbability
892,0,0.02021000547650892
893,0,0.027475399285648985
894,0,0.008473696373516273
895,1,0.4851642221374293
896,1,0.8220571823863251
897,0,0.016163856479637074
898,0,0.010003855104753412
899,0,0.013473486040141598
900,1,0.9983561353513286
901,0,0.001983810006712725
902,0,0.017675966322816532
903,0,0.03203562014023713
904,1,0.996292294688146
905,0,0.004415190146092505
906,1,0.9579675626506546
907,1,0.9814896573919434
908,0,0.03132257823960952
909,0,0.4299131194122322
910,1,0.9375952994797911
911,0,0.23381882191921516
912,0,0.028535847110675677
913,1,0.5972058156397663
914,1,0.9738478599091539
915,0,0.14105895097563673
916,1,0.9407231455471523
917,0,0.0016044324151508302
918,1,0.9984660873328813
919,1,0.5553455956212011
920,1,0.8684786422971882
921,0,0.14341715050836223
922,0,0.018840639139493038
923,0,0.014290703290580064
924,1,0.7052798654449681
925,0,0.08921836497925358
926,1,0.640843784357148
927,0,0.3489413464183417
928,0,0.31228681671963154
929,0,0.09210337378556287
930,0,0.024321009571137846
931,0,0.23069841955893994
932,0,0.04229856487269945
933,1,0.9743749276275908
934,0,0.043766197321383024
935,1,0.9839965749186663
936,1,0.9976042244721005
937,0,0.08858683114549594
938,0,0.17020251187475371
939,0,0.14042333636860513
940,1,0.9993529028600718
941,1,0.8592430689452148
942,0,0.13697223615566892
943,0,0.0433178567823709
944,1,0.9370080331609579
945,1,0.9887645915902998
946,0,0.10812416745599847
947,1,0.6414673485645666
948,0,0.012464239378283089
949,0,0.05463048001313451
950,0,0.08108768545446013
951,1,0.9884822475579755
952,0,0.017345195382147422
953,1,0.5590108209898491
954,0,0.03484683550504856
955,1,0.8338269122608053
956,1,0.6148759059160434
957,1,0.8908725742510001
958,1,0.9342984297562507
959,0,0.021968103725650025
960,0,0.31210550048027197
961,1,0.9930549887795694
962,1,0.8385404677888885
963,0,0.008894640955732004
964,1,0.5568785577090735
965,1,0.5425604193080317
966,1,0.9942694077066762
967,0,0.291670282309151
968,0,0.06582846415843442
969,1,0.9391872114874704
970,0,0.2273407976935508
971,1,0.8385404677888885
972,1,0.9661922336163175
973,0,0.0046697209020878485
974,0,0.15017686502755903
975,0,0.017675966322816532
976,0,0.12882208656871444
977,0,0.013354600695833028
978,1,0.9969831674827287
979,1,0.8971404412920077
980,1,0.9241163670661651
981,1,0.9914190309609292
982,1,0.9317363289725408
983,0,0.21847843030992958
984,1,0.9446250707025868
985,0,0.06582846415843442
986,0,0.29319486709487225
987,0,0.170832335913008
988,1,0.9974515459208939
989,1,0.48588678699372057
990,1,0.6698942568823862
991,0,0.008294982288847189
992,1,0.9876020415403856
993,0,0.039416343075813355
994,0,0.14042333636860513
995,0,0.30774776736918763
996,1,0.9735069859342133
997,0,0.08176367492311422
998,0,0.038849942111455836
999,0,0.14042333636860513
1000,0,0.03336342259254196
1001,0,0.18228293182071095
1002,0,0.017540047747705827
1003,1,0.9595203191216982
1004,1,0.986136611495163
1005,1,0.652410184855544
1006,1,0.9896011777478957
1007,0,0.021868893641191024
1008,0,0.022005565379122165
1009,1,0.951464461494524
1010,1,0.583546328661869
1011,1,0.9352461060493034
1012,1,0.9804882646450708
1013,0,0.10340678766342544
1014,1,0.9974744047817045
1015,0,0.037924949227400834
1016,0,0.14042333636860513
1017,1,0.7433807389180938
1018,0,0.3615494110743296
1019,1,0.9874472745902456
1020,0,0.4688400581054059
1021,0,0.014859012740370367
1022,0,0.1647421950905724
1023,0,0.118610573044554
1024,0,0.2705697043784824
1025,0,0.007716995425236257
1026,0,0.014907180595667526
1027,0,0.028905577077864286
1028,1,0.5955932264567323
1029,0,0.06262037360254177
1030,0,0.1347319060881174
1031,0,0.06139943730623594
1032,1,0.7186250599627918
1033,1,0.9941924396293184
1034,0,0.013236657486250974
1035,0,0.12565409478066714
1036,1,0.8786636850379927
1037,0,0.06553309201632582
1038,1,0.7414460504188164
1039,0,0.04526182024251964
1040,1,0.7902127169083495
1041,0,0.022562006370557202
1042,1,0.9985059361189743
1043,0,0.126375260289739
1044,0,0.007701956141276514
1045,1,0.6853065803626196
1046,1,0.8742056286547528
1047,0,0.010631006907079549
1048,1,0.9336026115081696
1049,1,0.5089162849096727
1050,1,0.9888081823147492
1051,0,0.38762559810576624
1052,1,0.9430388571621449
1053,1,0.9446067907174619
1054,1,0.8101747041488704
1055,0,0.08955803457727605
1056,0,0.019306638822340096
1057,0,0.4204829366623251
1058,0,0.1287243044726956
1059,0,0.0053419890858430776
1060,1,0.9932177401889178
1061,0,0.09630750543612246
1062,0,0.00878039596311935
1063,1,0.8781059194971275
1064,0,0.09426032514575315
1065,0,0.14672125016592882
1066,0,0.22503353001142457
1067,1,0.9834110344857393
1068,1,0.9809537905096528
1069,0,0.09194230151984525
1070,1,0.9891522972432344
1071,1,0.9871313214256722
1072,0,0.2273407976935508
1073,1,0.6374029124583942
1074,1,0.9939042403200431
1075,0,0.14042333636860513
1076,1,0.9874322639974824
1077,0,0.10492142711358021
1078,0,0.13778546988236476
1079,0,0.4528755551627889
1080,0,0.29190866109214003
1081,0,0.10709189110629991
1082,0,0.09998456068738026
1083,0,0.18957375815929114
1084,1,0.6757425415912461
1085,0,0.0029310651588223173
1086,1,0.9795208202411635
1087,0,0.06955077758451313
1088,1,0.9997378697239265
1089,0,0.2674120630702683
1090,0,0.01844361259737072
1091,1,0.9477286679407694
1092,1,0.8952241700123429
1093,1,0.9093828717274635
1094,0,0.3943633055921928
1095,1,0.9514663778191723
1096,0,0.019119906386046704
1097,0,0.02563406919444575
1098,0,0.04216626246424696
1099,0,0.013355097831423477
1100,1,0.9639372510313706
1101,0,0.006020721763860615
1102,0,0.2806748501727192
1103,0,0.007936598747157832
1104,0,0.037397518134767105
1105,1,0.9622858018198478
1106,0,0.13033671277715406
1107,1,0.5632282476078627
1108,1,0.9577545991656403
1109,0,0.02897105188479538
1110,1,0.9784972925310179
1111,0,0.06582846415843442
1112,1,0.9653642968850348
1113,0,0.03468792065323183
1114,1,0.8982947324428545
1115,0,0.4558924094597135
1116,1,0.9391880619549414
1117,1,0.6397882208958373
1118,0,0.22175986830933697
1119,1,0.9241163670661651
1120,0,0.012974410821511819
1121,0,0.08059239583380137
1122,0,0.060969385993546295
1123,1,0.9723128811136492
1124,0,0.006507471075947898
1125,0,0.2534596349641018
1126,0,0.18216370337500115
1127,0,0.08968414148502815
1128,0,0.4406587840780624
1129,1,0.7116025422070794
1130,1,0.938271857194825
1131,1,0.998720026933333
1132,1,0.9680598861250341
1133,1,0.9728914244698937
1134,1,0.7847194253202077
1135,0,0.017675966322816532
1136,0,0.24993173334522772
1137,1,0.7140319202637784
1138,1,0.8642789706907914
1139,0,0.07590692063107797
1140,1,0.9556687663520776
1141,0,0.2290007467608967
1142,1,0.9856215206527643
1143,0,0.10983322897865604
1144,1,0.7346954411900372
1145,0,0.008180381416289434
1146,0,0.3939433079913439
1147,0,0.03098481022667201
1148,0,0.06669888864754414
1149,0,0.06582846415843442
1150,1,0.9227811169900193
1151,0,0.08239555145210725
1152,0,0.04108554578514508
1153,0,0.060480190515420224
1154,1,0.9707303901830976
1155,1,0.9522554320772093
1156,0,0.09893005557411402
1157,0,0.017675966322816532
1158,0,0.022648145134430142
1159,0,0.03098481022667201
1160,0,0.021507485827385125
1161,0,0.02648101394041082
1162,0,0.08031566046795675
1163,0,0.14042333636860513
1164,1,0.9950379201609862
1165,1,0.9095409445598694
1166,0,0.09716851315733194
1167,1,0.8975287347525998
1168,0,0.06736147963064293
1169,0,0.0524893601666575
1170,0,0.011922977424023038
1171,0,0.008102900548809232
1172,0,0.0743721304054906
1173,1,0.9980224330775458
1174,1,0.9241163670661651
1175,0,0.2890103845490991
1176,1,0.8820494814446933
1177,0,0.0004753146149109666
1178,0,0.015516178741931879
1179,0,0.3679769305060094
1180,0,0.14940631873841798
1181,0,0.008445689771991583
1182,0,0.021096632549171022
1183,0,0.004856321036813022
1184,0,0.14672125016592882
1185,1,0.9247125847200443
1186,0,0.2769121443045561
1187,0,0.028420932618683288
1188,1,0.9932566662560307
1189,0,0.14341715050836223
1190,0,0.11882769913352013
1191,0,0.27602080608476787
1192,0,0.23936672071572995
1193,1,0.6989780795973755
1194,0,0.0008891090974682682
1195,0,0.009961809394451463
1196,1,0.9241163670661651
1197,1,0.9958796597006097
1198,0,0.04178451946509867
1199,1,0.9510820769658109
1200,0,0.3256098591282144
1201,0,0.20043364559162
1202,0,0.025381804393945738
1203,1,0.5553455956212011
1204,0,0.02651441587875908
1205,0,0.006892024160562123
1206,1,0.9951404663194195
1207,1,0.9754514757533143
1208,0,0.19010601956127973
1209,0,0.032898989427278154
1210,1,0.7542544117659887
1211,0,0.016179791284648175
1212,0,0.30774776736918763
1213,0,0.22682614096642342
1214,0,0.24957338683642785
1215,1,0.8574259842543618
1216,1,0.9914477753218148
1217,0,0.03279081739694711
1218,1,0.9884950052995006
1219,0,0.04456191962438865
1220,0,0.08099439319956897
1221,0,0.030928669699887824
1222,1,0.9827863215361407
1223,0,0.2609383913732325
1224,0,0.09716851315733194
1225,1,0.9981923697512345
1226,0,0.2785126326666292
1227,0,0.12024059404075185
1228,1,0.6460718408087389
1229,0,7.235059270208596e-05
1230,0,0.021528328030691286
1231,1,0.9707957188348587
1232,0,0.066919576317497
1233,0,0.05197006167885885
1234,0,0.07878945502133476
1235,1,0.9996112567189882
1236,0,0.10010957614092966
1237,1,0.9221995330249432
1238,0,0.06262037360254177
1239,0,0.05764398801593625
1240,0,0.01629840639010672
1241,1,0.9073736925399015
1242,1,0.9986015742955991
1243,0,0.019119906386046704
1244,0,0.02887445378024456
1245,0,0.12528864028830047
1246,1,0.9375918645814152
1247,0,0.21931924912505063
1248,1,0.9954907135096558
1249,0,0.12940908619257982
1250,0,0.14042333636860513
1251,1,0.6493117287003332
1252,1,0.6089804787102351
1253,1,0.9938610380090587
1254,1,0.958694902026164
1255,1,0.4851642221374293
1256,1,0.9976492611759398
1257,1,0.7549851105481944
1258,0,0.013162599605388396
1259,1,0.5426906921693411
1260,1,0.9937383405476393
1261,1,0.7383083269366303
1262,0,0.026138296474550755
1263,1,0.9995789376291695
1264,0,0.003099523934630327
1265,0,0.047394005126453344
1266,1,0.9986022170681718
1267,1,0.9338228357133471
1268,0,0.07867655886151714
1269,0,0.027562124040237713
1270,0,0.0291398750043837
1271,1,0.9810465181846258
1272,0,0.14042333636860513
1273,0,0.32994793662877203
1274,0,0.43692955037484216
1275,1,0.8991377682671953
1276,0,0.22728331949255376
1277,1,0.9639498040490315
1278,0,0.05730562010500747
1279,0,0.022306985121311095
1280,0,0.01330697498360012
1281,0,0.2447036685298889
1282,0,0.4167743590379829
1283,1,0.9956709326989327
1284,1,0.9517968340040798
1285,0,0.02477144924528177
1286,0,0.02747114585792795
1287,1,0.9911205547471855
1288,0,0.003299449199130127
1289,1,0.9998533085805764
1290,0,0.17537687058170937
1291,0,0.016034114154751124
1292,1,0.9840840198526034
1293,0,0.00969309051969753
1294,1,0.9965718797817176
1295,0,0.033955665376464564
1296,1,0.6914350837469198
1297,1,0.9778488775033167
1298,0,0.01432921441868448
1299,0,0.029479105167789597
1300,1,0.7292419643863348
1301,1,0.9844679896544003
1302,1,0.9241163670661651
1303,1,0.9809676085147551
1304,1,0.7991512941373207
1305,0,0.008445689771991583
1306,1,0.9001968444711544
1307,0,0.0013634325928588346
1308,0,0.06582846415843442
1309,1,0.9726812501550137
